logged_at,family,symbol,params,slippage_bps,max_exposure,start,end,days,sharpe,daily_sharpe,cagr,max_dd,n_trades,profit_factor
2026-09-24T20:48:38,noise_breakout,SPY,"{""band_mult"": 0.8, ""check_minutes"": 15, ""long_only"": false}",1.0,1.0,2016-01-26,2025-09-19,2428,-0.0897,-0.005649,-0.00944,-0.21523,3248,0.9835
2026-09-24T20:48:41,noise_breakout,SPY,"{""band_mult"": 0.8, ""check_minutes"": 15, ""long_only"": true, ""max_entries"": 1}",1.0,1.0,2016-01-26,2025-09-19,2428,0.2739,0.017255,0.00931,-0.0784,990,1.0942
2026-09-24T20:48:43,noise_breakout,SPY,"{""band_mult"": 0.8, ""check_minutes"": 30, ""long_only"": false}",1.0,1.0,2016-01-26,2025-09-19,2428,0.2989,0.018827,0.01968,-0.16477,2437,1.0624
2026-09-24T20:48:46,noise_breakout,SPY,"{""band_mult"": 0.8, ""check_minutes"": 30, ""long_only"": true, ""max_entries"": 1}",1.0,1.0,2016-01-26,2025-09-19,2428,0.395,0.024884,0.01429,-0.07484,930,1.13
2026-09-24T20:48:48,noise_breakout,SPY,"{""band_mult"": 0.8, ""check_minutes"": 60, ""long_only"": false}",1.0,1.0,2016-01-26,2025-09-19,2428,0.4066,0.025616,0.02502,-0.09973,1759,1.0928
2026-09-24T20:48:51,noise_breakout,SPY,"{""band_mult"": 0.8, ""check_minutes"": 60, ""long_only"": true, ""max_entries"": 1}",1.0,1.0,2016-01-26,2025-09-19,2428,0.718,0.04523,0.02655,-0.05483,816,1.2588
2026-09-24T20:48:53,noise_breakout,SPY,"{""band_mult"": 1.0, ""check_minutes"": 15, ""long_only"": false}",1.0,1.0,2016-01-26,2025-09-19,2428,0.0402,0.002535,0.00052,-0.20457,2788,1.0078
2026-09-24T20:48:56,noise_breakout,SPY,"{""band_mult"": 1.0, ""check_minutes"": 15, ""long_only"": true, ""max_entries"": 1}",1.0,1.0,2016-01-26,2025-09-19,2428,0.2919,0.018387,0.00905,-0.0566,862,1.1118
2026-09-24T20:48:58,noise_breakout,SPY,"{""band_mult"": 1.0, ""check_minutes"": 30, ""long_only"": false}",1.0,1.0,2016-01-26,2025-09-19,2428,0.4278,0.026948,0.0256,-0.15003,2090,1.0945
2026-09-24T20:49:01,noise_breakout,SPY,"{""band_mult"": 1.0, ""check_minutes"": 30, ""long_only"": true, ""max_entries"": 1}",1.0,1.0,2016-01-26,2025-09-19,2428,0.3172,0.019979,0.01008,-0.05153,801,1.114
2026-09-24T20:49:03,noise_breakout,SPY,"{""band_mult"": 1.0, ""check_minutes"": 60, ""long_only"": false}",1.0,1.0,2016-01-26,2025-09-19,2428,0.5695,0.035875,0.03364,-0.09077,1494,1.1483
2026-09-24T20:49:06,noise_breakout,SPY,"{""band_mult"": 1.0, ""check_minutes"": 60, ""long_only"": true, ""max_entries"": 1}",1.0,1.0,2016-01-26,2025-09-19,2428,0.6283,0.039581,0.02127,-0.05432,677,1.2565
2026-09-24T20:49:08,noise_breakout,SPY,"{""band_mult"": 1.2, ""check_minutes"": 15, ""long_only"": false}",1.0,1.0,2016-01-26,2025-09-19,2428,0.1915,0.012065,0.00964,-0.10393,2345,1.0421
2026-09-24T20:49:11,noise_breakout,SPY,"{""band_mult"": 1.2, ""check_minutes"": 15, ""long_only"": true, ""max_entries"": 1}",1.0,1.0,2016-01-26,2025-09-19,2428,0.212,0.013357,0.00586,-0.06773,717,1.089
2026-09-24T20:49:13,noise_breakout,SPY,"{""band_mult"": 1.2, ""check_minutes"": 30, ""long_only"": false}",1.0,1.0,2016-01-26,2025-09-19,2428,0.4054,0.025539,0.02238,-0.08393,1737,1.0999
2026-09-24T20:49:16,noise_breakout,SPY,"{""band_mult"": 1.2, ""check_minutes"": 30, ""long_only"": true, ""max_entries"": 1}",1.0,1.0,2016-01-26,2025-09-19,2428,0.5221,0.032888,0.01557,-0.04107,660,1.2195
2026-09-24T20:49:18,noise_breakout,SPY,"{""band_mult"": 1.2, ""check_minutes"": 60, ""long_only"": false}",1.0,1.0,2016-01-26,2025-09-19,2428,0.4743,0.029879,0.02529,-0.10533,1255,1.1352
2026-09-24T20:49:21,noise_breakout,SPY,"{""band_mult"": 1.2, ""check_minutes"": 60, ""long_only"": true, ""max_entries"": 1}",1.0,1.0,2016-01-26,2025-09-19,2428,0.5994,0.037761,0.01845,-0.05889,565,1.2802
2026-09-24T20:49:24,noise_breakout,QQQ,"{""band_mult"": 0.8, ""check_minutes"": 15, ""long_only"": false}",1.0,1.0,2016-01-26,2025-09-19,2428,0.6281,0.039568,0.05535,-0.1331,3080,1.1207
2026-09-24T20:49:27,noise_breakout,QQQ,"{""band_mult"": 0.8, ""check_minutes"": 15, ""long_only"": true, ""max_entries"": 1}",1.0,1.0,2016-01-26,2025-09-19,2428,0.8211,0.051724,0.03805,-0.06878,979,1.2972
2026-09-24T20:49:29,noise_breakout,QQQ,"{""band_mult"": 0.8, ""check_minutes"": 30, ""long_only"": false}",1.0,1.0,2016-01-26,2025-09-19,2428,0.8847,0.055732,0.07889,-0.12698,2371,1.1855
2026-09-24T20:49:32,noise_breakout,QQQ,"{""band_mult"": 0.8, ""check_minutes"": 30, ""long_only"": true, ""max_entries"": 1}",1.0,1.0,2016-01-26,2025-09-19,2428,0.63,0.039689,0.03063,-0.09583,928,1.2102
2026-09-24T20:49:34,noise_breakout,QQQ,"{""band_mult"": 0.8, ""check_minutes"": 60, ""long_only"": false}",1.0,1.0,2016-01-26,2025-09-19,2428,1.0338,0.065125,0.08786,-0.09294,1748,1.257
2026-09-24T20:49:37,noise_breakout,QQQ,"{""band_mult"": 0.8, ""check_minutes"": 60, ""long_only"": true, ""max_entries"": 1}",1.0,1.0,2016-01-26,2025-09-19,2428,0.7882,0.049653,0.04357,-0.0671,827,1.3089
2026-09-24T20:49:39,noise_breakout,QQQ,"{""band_mult"": 1.0, ""check_minutes"": 15, ""long_only"": false}",1.0,1.0,2016-01-26,2025-09-19,2428,0.6448,0.040616,0.05143,-0.10921,2675,1.1346
2026-09-24T20:49:42,noise_breakout,QQQ,"{""band_mult"": 1.0, ""check_minutes"": 15, ""long_only"": true, ""max_entries"": 1}",1.0,1.0,2016-01-26,2025-09-19,2428,0.7584,0.047773,0.03136,-0.05794,824,1.3109
2026-09-24T20:49:45,noise_breakout,QQQ,"{""band_mult"": 1.0, ""check_minutes"": 30, ""long_only"": false}",1.0,1.0,2016-01-26,2025-09-19,2428,1.0487,0.066064,0.08473,-0.09331,2018,1.2495
2026-09-24T20:49:47,noise_breakout,QQQ,"{""band_mult"": 1.0, ""check_minutes"": 30, ""long_only"": true, ""max_entries"": 1}",1.0,1.0,2016-01-26,2025-09-19,2428,0.828,0.052157,0.03535,-0.05161,771,1.3279
2026-09-24T20:49:49,noise_breakout,QQQ,"{""band_mult"": 1.0, ""check_minutes"": 60, ""long_only"": false}",1.0,1.0,2016-01-26,2025-09-19,2428,1.0613,0.066855,0.08226,-0.0854,1486,1.3031
2026-09-24T20:49:52,noise_breakout,QQQ,"{""band_mult"": 1.0, ""check_minutes"": 60, ""long_only"": true, ""max_entries"": 1}",1.0,1.0,2016-01-26,2025-09-19,2428,0.9494,0.059804,0.04722,-0.04102,685,1.4748
2026-09-24T20:49:55,noise_breakout,QQQ,"{""band_mult"": 1.2, ""check_minutes"": 15, ""long_only"": false}",1.0,1.0,2016-01-26,2025-09-19,2428,0.5925,0.037326,0.04453,-0.08673,2320,1.14
2026-09-24T20:49:57,noise_breakout,QQQ,"{""band_mult"": 1.2, ""check_minutes"": 15, ""long_only"": true, ""max_entries"": 1}",1.0,1.0,2016-01-26,2025-09-19,2428,0.6441,0.040573,0.02407,-0.05818,697,1.2912
2026-09-24T20:50:00,noise_breakout,QQQ,"{""band_mult"": 1.2, ""check_minutes"": 30, ""long_only"": false}",1.0,1.0,2016-01-26,2025-09-19,2428,0.8444,0.053192,0.06211,-0.1002,1726,1.2186
2026-09-24T20:50:02,noise_breakout,QQQ,"{""band_mult"": 1.2, ""check_minutes"": 30, ""long_only"": true, ""max_entries"": 1}",1.0,1.0,2016-01-26,2025-09-19,2428,0.7171,0.045171,0.02668,-0.06701,646,1.3074
2026-09-24T20:50:05,noise_breakout,QQQ,"{""band_mult"": 1.2, ""check_minutes"": 60, ""long_only"": false}",1.0,1.0,2016-01-26,2025-09-19,2428,0.8093,0.050979,0.05268,-0.10005,1260,1.2325
2026-09-24T20:50:07,noise_breakout,QQQ,"{""band_mult"": 1.2, ""check_minutes"": 60, ""long_only"": true, ""max_entries"": 1}",1.0,1.0,2016-01-26,2025-09-19,2428,0.6608,0.041627,0.0232,-0.05836,560,1.2829
2026-09-24T20:50:19,last_half_hour,SPY,"{""long_only"": false, ""min_abs_signal"": 0.0}",1.0,1.0,2016-01-05,2025-09-19,2442,-1.2351,-0.077807,-0.06205,-0.47513,2429,0.7624
2026-09-24T20:50:21,last_half_hour,SPY,"{""long_only"": true, ""min_abs_signal"": 0.0}",1.0,1.0,2016-01-05,2025-09-19,2442,-1.215,-0.076537,-0.03929,-0.33404,1344,0.7085
2026-09-24T20:50:22,last_half_hour,SPY,"{""long_only"": false, ""min_abs_signal"": 0.0025}",1.0,1.0,2016-01-05,2025-09-19,2442,-1.057,-0.066585,-0.04799,-0.39621,1424,0.7367
2026-09-24T20:50:24,last_half_hour,SPY,"{""long_only"": true, ""min_abs_signal"": 0.0025}",1.0,1.0,2016-01-05,2025-09-19,2442,-1.004,-0.063248,-0.0283,-0.25589,826,0.6927
2026-09-24T20:50:25,last_half_hour,SPY,"{""long_only"": false, ""min_abs_signal"": 0.005}",1.0,1.0,2016-01-05,2025-09-19,2442,-0.685,-0.043152,-0.02893,-0.27397,833,0.7729
2026-09-24T20:50:26,last_half_hour,SPY,"{""long_only"": true, ""min_abs_signal"": 0.005}",1.0,1.0,2016-01-05,2025-09-19,2442,-0.4222,-0.026597,-0.01095,-0.16925,470,0.8116
2026-09-24T20:50:28,last_half_hour,SPY,"{""long_only"": false, ""min_abs_signal"": 0.01}",1.0,1.0,2016-01-05,2025-09-19,2442,-0.1945,-0.01225,-0.00734,-0.16691,291,0.8865
2026-09-24T20:50:29,last_half_hour,SPY,"{""long_only"": true, ""min_abs_signal"": 0.01}",1.0,1.0,2016-01-05,2025-09-19,2442,0.1589,0.010008,0.00312,-0.0875,142,1.1584
2026-09-24T20:50:31,last_half_hour,QQQ,"{""long_only"": false, ""min_abs_signal"": 0.0}",1.0,1.0,2016-01-05,2025-09-19,2442,-1.027,-0.064696,-0.05894,-0.45724,2422,0.7996
2026-09-24T20:50:33,last_half_hour,QQQ,"{""long_only"": true, ""min_abs_signal"": 0.0}",1.0,1.0,2016-01-05,2025-09-19,2442,-0.8712,-0.054882,-0.03384,-0.30476,1347,0.7793
2026-09-24T20:50:34,last_half_hour,QQQ,"{""long_only"": false, ""min_abs_signal"": 0.0025}",1.0,1.0,2016-01-05,2025-09-19,2442,-0.8268,-0.052082,-0.04459,-0.3764,1671,0.8043
2026-09-24T20:50:36,last_half_hour,QQQ,"{""long_only"": true, ""min_abs_signal"": 0.0025}",1.0,1.0,2016-01-05,2025-09-19,2442,-0.6598,-0.041563,-0.02354,-0.2439,948,0.7946
2026-09-24T20:50:37,last_half_hour,QQQ,"{""long_only"": false, ""min_abs_signal"": 0.005}",1.0,1.0,2016-01-05,2025-09-19,2442,-0.7071,-0.044543,-0.03469,-0.31761,1084,0.7943
2026-09-24T20:50:38,last_half_hour,QQQ,"{""long_only"": true, ""min_abs_signal"": 0.005}",1.0,1.0,2016-01-05,2025-09-19,2442,-0.5532,-0.03485,-0.01741,-0.20004,615,0.7894
2026-09-24T20:50:40,last_half_hour,QQQ,"{""long_only"": false, ""min_abs_signal"": 0.01}",1.0,1.0,2016-01-05,2025-09-19,2442,-0.2645,-0.016664,-0.01194,-0.18675,501,0.8807
2026-09-24T20:50:41,last_half_hour,QQQ,"{""long_only"": true, ""min_abs_signal"": 0.01}",1.0,1.0,2016-01-05,2025-09-19,2442,0.0142,0.000898,4e-05,-0.08513,263,1.0096
2026-09-24T21:02:11,noise_breakout,IWM,"{""band_mult"": 1.0, ""check_minutes"": 30, ""long_only"": false}",1.0,1.0,2016-01-26,2025-09-19,2428,-0.5843,-0.036807,-0.05099,-0.51867,2265,0.894
2026-09-24T21:02:15,noise_breakout,DIA,"{""band_mult"": 1.0, ""check_minutes"": 30, ""long_only"": false}",1.0,1.0,2016-01-26,2025-09-19,2428,-0.6909,-0.043524,-0.0437,-0.35726,2115,0.8673
2026-09-24T21:02:19,noise_breakout,XLK,"{""band_mult"": 1.0, ""check_minutes"": 30, ""long_only"": false}",1.0,1.0,2016-01-26,2025-09-19,2428,0.6933,0.043671,0.05651,-0.1338,2011,1.1596
2026-09-24T21:02:22,noise_breakout,XLF,"{""band_mult"": 1.0, ""check_minutes"": 30, ""long_only"": false}",1.0,1.0,2016-01-26,2025-09-19,2428,-0.6165,-0.038834,-0.0461,-0.40316,2007,0.8805
2026-09-24T21:02:25,noise_breakout,XLE,"{""band_mult"": 1.0, ""check_minutes"": 30, ""long_only"": false}",1.0,1.0,2016-01-26,2025-09-19,2428,-0.3666,-0.023096,-0.03594,-0.31638,2090,0.9304
2026-09-24T21:02:29,noise_breakout,SMH,"{""band_mult"": 1.0, ""check_minutes"": 30, ""long_only"": false}",1.0,1.0,2016-01-26,2025-09-19,2428,0.7645,0.048162,0.07335,-0.13011,1960,1.1717
2026-09-24T21:04:00,gap_fade,SPY,"{""exit_minute"": 150, ""long_only"": false, ""min_gap"": 0.0025}",1.0,1.0,2016-01-05,2025-09-19,2442,-1.0069,-0.063431,-0.05269,-0.4415,1313,0.8092
2026-09-24T21:04:01,gap_fade,SPY,"{""exit_minute"": 150, ""long_only"": true, ""min_gap"": 0.0025}",1.0,1.0,2016-01-05,2025-09-19,2442,-0.6009,-0.037851,-0.02218,-0.23511,550,0.8228
2026-09-24T21:04:03,gap_fade,SPY,"{""exit_minute"": 390, ""long_only"": false, ""min_gap"": 0.0025}",1.0,1.0,2016-01-05,2025-09-19,2442,-0.8379,-0.052783,-0.05407,-0.45336,1313,0.8408
2026-09-24T21:04:04,gap_fade,SPY,"{""exit_minute"": 390, ""long_only"": true, ""min_gap"": 0.0025}",1.0,1.0,2016-01-05,2025-09-19,2442,-0.2953,-0.018599,-0.0142,-0.19295,550,0.9091
2026-09-24T21:04:06,gap_fade,SPY,"{""exit_minute"": 150, ""long_only"": false, ""min_gap"": 0.005}",1.0,1.0,2016-01-05,2025-09-19,2442,-0.9666,-0.060889,-0.04443,-0.3876,659,0.7515
2026-09-24T21:04:07,gap_fade,SPY,"{""exit_minute"": 150, ""long_only"": true, ""min_gap"": 0.005}",1.0,1.0,2016-01-05,2025-09-19,2442,-0.4757,-0.029964,-0.0158,-0.20577,297,0.8122
2026-09-24T21:04:09,gap_fade,SPY,"{""exit_minute"": 390, ""long_only"": false, ""min_gap"": 0.005}",1.0,1.0,2016-01-05,2025-09-19,2442,-0.7635,-0.048094,-0.04452,-0.39983,659,0.8041
2026-09-24T21:04:10,gap_fade,SPY,"{""exit_minute"": 390, ""long_only"": true, ""min_gap"": 0.005}",1.0,1.0,2016-01-05,2025-09-19,2442,-0.1791,-0.011285,-0.00825,-0.16461,297,0.9269
2026-09-24T21:04:12,gap_fade,QQQ,"{""exit_minute"": 150, ""long_only"": false, ""min_gap"": 0.0025}",1.0,1.0,2016-01-05,2025-09-19,2442,-0.5004,-0.031519,-0.03621,-0.3743,1471,0.9061
2026-09-24T21:04:13,gap_fade,QQQ,"{""exit_minute"": 150, ""long_only"": true, ""min_gap"": 0.0025}",1.0,1.0,2016-01-05,2025-09-19,2442,-0.4509,-0.028401,-0.02247,-0.30359,625,0.8717
2026-09-24T21:04:15,gap_fade,QQQ,"{""exit_minute"": 390, ""long_only"": false, ""min_gap"": 0.0025}",1.0,1.0,2016-01-05,2025-09-19,2442,-0.3993,-0.025153,-0.0344,-0.38843,1471,0.9253
2026-09-24T21:04:16,gap_fade,QQQ,"{""exit_minute"": 390, ""long_only"": true, ""min_gap"": 0.0025}",1.0,1.0,2016-01-05,2025-09-19,2442,-0.1308,-0.008238,-0.00879,-0.28795,625,0.9611
2026-09-24T21:04:18,gap_fade,QQQ,"{""exit_minute"": 150, ""long_only"": false, ""min_gap"": 0.005}",1.0,1.0,2016-01-05,2025-09-19,2442,-0.3586,-0.022587,-0.02454,-0.32104,852,0.9139
2026-09-24T21:04:19,gap_fade,QQQ,"{""exit_minute"": 150, ""long_only"": true, ""min_gap"": 0.005}",1.0,1.0,2016-01-05,2025-09-19,2442,-0.4146,-0.026117,-0.01929,-0.29264,367,0.8527
2026-09-24T21:04:20,gap_fade,QQQ,"{""exit_minute"": 390, ""long_only"": false, ""min_gap"": 0.005}",1.0,1.0,2016-01-05,2025-09-19,2442,-0.2529,-0.015931,-0.02141,-0.32622,852,0.9401
2026-09-24T21:04:22,gap_fade,QQQ,"{""exit_minute"": 390, ""long_only"": true, ""min_gap"": 0.005}",1.0,1.0,2016-01-05,2025-09-19,2442,-0.0462,-0.002913,-0.00382,-0.25173,367,0.9828
2026-09-24T21:04:24,gap_fade,IWM,"{""exit_minute"": 150, ""long_only"": false, ""min_gap"": 0.0025}",1.0,1.0,2016-01-05,2025-09-19,2442,-0.4487,-0.028263,-0.03407,-0.38448,1504,0.9165
2026-09-24T21:04:25,gap_fade,IWM,"{""exit_minute"": 150, ""long_only"": true, ""min_gap"": 0.0025}",1.0,1.0,2016-01-05,2025-09-19,2442,-0.2073,-0.01306,-0.01145,-0.2505,635,0.9396
2026-09-24T21:04:27,gap_fade,IWM,"{""exit_minute"": 390, ""long_only"": false, ""min_gap"": 0.0025}",1.0,1.0,2016-01-05,2025-09-19,2442,-0.3464,-0.02182,-0.03065,-0.36826,1504,0.9358
2026-09-24T21:04:28,gap_fade,IWM,"{""exit_minute"": 390, ""long_only"": true, ""min_gap"": 0.0025}",1.0,1.0,2016-01-05,2025-09-19,2442,-0.1036,-0.006524,-0.0073,-0.25361,635,0.9699
2026-09-24T21:04:30,gap_fade,IWM,"{""exit_minute"": 150, ""long_only"": false, ""min_gap"": 0.005}",1.0,1.0,2016-01-05,2025-09-19,2442,-0.2249,-0.014165,-0.01697,-0.26673,881,0.9464
2026-09-24T21:04:31,gap_fade,IWM,"{""exit_minute"": 150, ""long_only"": true, ""min_gap"": 0.005}",1.0,1.0,2016-01-05,2025-09-19,2442,0.05,0.003151,0.00125,-0.19326,389,1.0187
2026-09-24T21:04:32,gap_fade,IWM,"{""exit_minute"": 390, ""long_only"": false, ""min_gap"": 0.005}",1.0,1.0,2016-01-05,2025-09-19,2442,-0.1244,-0.007834,-0.0122,-0.25589,881,0.971
2026-09-24T21:04:34,gap_fade,IWM,"{""exit_minute"": 390, ""long_only"": true, ""min_gap"": 0.005}",1.0,1.0,2016-01-05,2025-09-19,2442,0.1347,0.008487,0.00575,-0.19661,389,1.0492
2026-09-24T21:04:36,gap_fade,DIA,"{""exit_minute"": 150, ""long_only"": false, ""min_gap"": 0.0025}",1.0,1.0,2016-01-05,2025-09-19,2442,-1.2136,-0.076452,-0.06144,-0.47988,1274,0.7702
2026-09-24T21:04:37,gap_fade,DIA,"{""exit_minute"": 150, ""long_only"": true, ""min_gap"": 0.0025}",1.0,1.0,2016-01-05,2025-09-19,2442,-0.7691,-0.04845,-0.02774,-0.26455,551,0.778
2026-09-24T21:04:39,gap_fade,DIA,"{""exit_minute"": 390, ""long_only"": false, ""min_gap"": 0.0025}",1.0,1.0,2016-01-05,2025-09-19,2442,-0.7889,-0.049696,-0.04809,-0.40086,1274,0.8473
2026-09-24T21:04:40,gap_fade,DIA,"{""exit_minute"": 390, ""long_only"": true, ""min_gap"": 0.0025}",1.0,1.0,2016-01-05,2025-09-19,2442,-0.3505,-0.022077,-0.01589,-0.18542,551,0.8942
2026-09-24T21:04:41,gap_fade,DIA,"{""exit_minute"": 150, ""long_only"": false, ""min_gap"": 0.005}",1.0,1.0,2016-01-05,2025-09-19,2442,-1.051,-0.066205,-0.04677,-0.40636,637,0.7258
2026-09-24T21:04:43,gap_fade,DIA,"{""exit_minute"": 150, ""long_only"": true, ""min_gap"": 0.005}",1.0,1.0,2016-01-05,2025-09-19,2442,-0.6625,-0.041731,-0.02121,-0.23128,286,0.741
2026-09-24T21:04:44,gap_fade,DIA,"{""exit_minute"": 390, ""long_only"": false, ""min_gap"": 0.005}",1.0,1.0,2016-01-05,2025-09-19,2442,-0.6414,-0.040408,-0.03538,-0.31654,637,0.8308
2026-09-24T21:04:45,gap_fade,DIA,"{""exit_minute"": 390, ""long_only"": true, ""min_gap"": 0.005}",1.0,1.0,2016-01-05,2025-09-19,2442,-0.2608,-0.016432,-0.01093,-0.14114,286,0.8946
2026-09-24T21:04:48,gap_fade,XLK,"{""exit_minute"": 150, ""long_only"": false, ""min_gap"": 0.0025}",1.0,1.0,2016-01-05,2025-09-19,2442,-0.52,-0.03276,-0.03983,-0.39437,1528,0.9033
2026-09-24T21:04:49,gap_fade,XLK,"{""exit_minute"": 150, ""long_only"": true, ""min_gap"": 0.0025}",1.0,1.0,2016-01-05,2025-09-19,2442,-0.3934,-0.024785,-0.02141,-0.30225,654,0.8885
2026-09-24T21:04:51,gap_fade,XLK,"{""exit_minute"": 390, ""long_only"": false, ""min_gap"": 0.0025}",1.0,1.0,2016-01-05,2025-09-19,2442,-0.3793,-0.023893,-0.03428,-0.38949,1528,0.9294
2026-09-24T21:04:52,gap_fade,XLK,"{""exit_minute"": 390, ""long_only"": true, ""min_gap"": 0.0025}",1.0,1.0,2016-01-05,2025-09-19,2442,-0.0339,-0.002136,-0.00365,-0.2419,654,0.99
2026-09-24T21:04:53,gap_fade,XLK,"{""exit_minute"": 150, ""long_only"": false, ""min_gap"": 0.005}",1.0,1.0,2016-01-05,2025-09-19,2442,-0.5681,-0.035789,-0.04045,-0.38855,933,0.8721
2026-09-24T21:04:55,gap_fade,XLK,"{""exit_minute"": 150, ""long_only"": true, ""min_gap"": 0.005}",1.0,1.0,2016-01-05,2025-09-19,2442,-0.3965,-0.02498,-0.02048,-0.27507,417,0.8664
2026-09-24T21:04:56,gap_fade,XLK,"{""exit_minute"": 390, ""long_only"": false, ""min_gap"": 0.005}",1.0,1.0,2016-01-05,2025-09-19,2442,-0.3838,-0.024175,-0.03272,-0.38716,933,0.9139
2026-09-24T21:04:57,gap_fade,XLK,"{""exit_minute"": 390, ""long_only"": true, ""min_gap"": 0.005}",1.0,1.0,2016-01-05,2025-09-19,2442,-0.0181,-0.001143,-0.00256,-0.22403,417,0.9936
2026-09-24T21:05:00,gap_fade,XLF,"{""exit_minute"": 150, ""long_only"": false, ""min_gap"": 0.0025}",1.0,1.0,2016-01-05,2025-09-19,2442,-0.8897,-0.056043,-0.05893,-0.47356,1479,0.8379
2026-09-24T21:05:01,gap_fade,XLF,"{""exit_minute"": 150, ""long_only"": true, ""min_gap"": 0.0025}",1.0,1.0,2016-01-05,2025-09-19,2442,-0.415,-0.026141,-0.01975,-0.20058,664,0.8837
2026-09-24T21:05:02,gap_fade,XLF,"{""exit_minute"": 390, ""long_only"": false, ""min_gap"": 0.0025}",1.0,1.0,2016-01-05,2025-09-19,2442,-0.5641,-0.035535,-0.04383,-0.37895,1479,0.8949
2026-09-24T21:05:04,gap_fade,XLF,"{""exit_minute"": 390, ""long_only"": true, ""min_gap"": 0.0025}",1.0,1.0,2016-01-05,2025-09-19,2442,-0.1231,-0.007756,-0.00776,-0.1624,664,0.9643
2026-09-24T21:05:05,gap_fade,XLF,"{""exit_minute"": 150, ""long_only"": false, ""min_gap"": 0.005}",1.0,1.0,2016-01-05,2025-09-19,2442,-0.6533,-0.041152,-0.04062,-0.36437,857,0.8484
2026-09-24T21:05:07,gap_fade,XLF,"{""exit_minute"": 150, ""long_only"": true, ""min_gap"": 0.005}",1.0,1.0,2016-01-05,2025-09-19,2442,-0.3865,-0.024345,-0.01712,-0.16695,397,0.8668
2026-09-24T21:05:08,gap_fade,XLF,"{""exit_minute"": 390, ""long_only"": false, ""min_gap"": 0.005}",1.0,1.0,2016-01-05,2025-09-19,2442,-0.3285,-0.020691,-0.02497,-0.29242,857,0.9225
2026-09-24T21:05:09,gap_fade,XLF,"{""exit_minute"": 390, ""long_only"": true, ""min_gap"": 0.005}",1.0,1.0,2016-01-05,2025-09-19,2442,-0.0889,-0.005603,-0.00557,-0.15075,397,0.9684
2026-09-24T21:05:12,gap_fade,XLE,"{""exit_minute"": 150, ""long_only"": false, ""min_gap"": 0.0025}",1.0,1.0,2016-01-05,2025-09-19,2442,-0.2044,-0.012877,-0.02117,-0.3493,1595,0.9609
2026-09-24T21:05:13,gap_fade,XLE,"{""exit_minute"": 150, ""long_only"": true, ""min_gap"": 0.0025}",1.0,1.0,2016-01-05,2025-09-19,2442,-0.1794,-0.011303,-0.01218,-0.16635,707,0.9479
2026-09-24T21:05:14,gap_fade,XLE,"{""exit_minute"": 390, ""long_only"": false, ""min_gap"": 0.0025}",1.0,1.0,2016-01-05,2025-09-19,2442,0.1828,0.011513,0.01297,-0.27635,1595,1.0363
2026-09-24T21:05:16,gap_fade,XLE,"{""exit_minute"": 390, ""long_only"": true, ""min_gap"": 0.0025}",1.0,1.0,2016-01-05,2025-09-19,2442,0.1477,0.009307,0.00755,-0.17488,707,1.0448
2026-09-24T21:05:17,gap_fade,XLE,"{""exit_minute"": 150, ""long_only"": false, ""min_gap"": 0.005}",1.0,1.0,2016-01-05,2025-09-19,2442,0.0209,0.001316,-0.0017,-0.24542,1045,1.0048
2026-09-24T21:05:18,gap_fade,XLE,"{""exit_minute"": 150, ""long_only"": true, ""min_gap"": 0.005}",1.0,1.0,2016-01-05,2025-09-19,2442,0.1058,0.006663,0.00439,-0.12699,452,1.0375
2026-09-24T21:05:20,gap_fade,XLE,"{""exit_minute"": 390, ""long_only"": false, ""min_gap"": 0.005}",1.0,1.0,2016-01-05,2025-09-19,2442,0.3892,0.024519,0.03214,-0.2178,1045,1.0912
2026-09-24T21:05:21,gap_fade,XLE,"{""exit_minute"": 390, ""long_only"": true, ""min_gap"": 0.005}",1.0,1.0,2016-01-05,2025-09-19,2442,0.4191,0.026403,0.0248,-0.13437,452,1.1544
2026-09-24T21:05:24,gap_fade,SMH,"{""exit_minute"": 150, ""long_only"": false, ""min_gap"": 0.0025}",1.0,1.0,2016-01-05,2025-09-19,2442,-0.1356,-0.008543,-0.01655,-0.25112,1700,0.9751
2026-09-24T21:05:25,gap_fade,SMH,"{""exit_minute"": 150, ""long_only"": true, ""min_gap"": 0.0025}",1.0,1.0,2016-01-05,2025-09-19,2442,-0.1629,-0.01026,-0.01189,-0.16484,711,0.9542
2026-09-24T21:05:26,gap_fade,SMH,"{""exit_minute"": 390, ""long_only"": false, ""min_gap"": 0.0025}",1.0,1.0,2016-01-05,2025-09-19,2442,-0.1888,-0.011895,-0.02448,-0.30488,1700,0.9657
2026-09-24T21:05:28,gap_fade,SMH,"{""exit_minute"": 390, ""long_only"": true, ""min_gap"": 0.0025}",1.0,1.0,2016-01-05,2025-09-19,2442,-0.1179,-0.007426,-0.01044,-0.19985,711,0.9672
2026-09-24T21:05:29,gap_fade,SMH,"{""exit_minute"": 150, ""long_only"": false, ""min_gap"": 0.005}",1.0,1.0,2016-01-05,2025-09-19,2442,-0.1554,-0.009788,-0.01762,-0.22719,1202,0.9678
2026-09-24T21:05:30,gap_fade,SMH,"{""exit_minute"": 150, ""long_only"": true, ""min_gap"": 0.005}",1.0,1.0,2016-01-05,2025-09-19,2442,-0.0962,-0.006063,-0.0075,-0.13023,496,0.9691
2026-09-24T21:05:32,gap_fade,SMH,"{""exit_minute"": 390, ""long_only"": false, ""min_gap"": 0.005}",1.0,1.0,2016-01-05,2025-09-19,2442,-0.2186,-0.013771,-0.02663,-0.29211,1202,0.9558
2026-09-24T21:05:33,gap_fade,SMH,"{""exit_minute"": 390, ""long_only"": true, ""min_gap"": 0.005}",1.0,1.0,2016-01-05,2025-09-19,2442,-0.0615,-0.003875,-0.00635,-0.16309,496,0.9807
2026-09-25T00:19:24,orb,stocks_in_play,"{""long_only"": false, ""or_minutes"": 5, ""per_share"": 0.01}",1.0,4.0,2016-01-25,2025-09-19,2429,-5.5359,-0.348726,-0.69876,-0.99999,38048,0.6637
2026-09-25T00:19:25,orb,stocks_in_play,"{""long_only"": true, ""or_minutes"": 5, ""per_share"": 0.01}",1.0,4.0,2016-01-25,2025-09-19,2429,-3.7001,-0.233081,-0.42613,-0.99551,19299,0.6775
2026-09-25T00:19:25,orb,stocks_in_play,"{""long_only"": false, ""or_minutes"": 15, ""per_share"": 0.01}",1.0,4.0,2016-01-25,2025-09-19,2429,-5.0836,-0.320236,-0.63167,-0.99994,34546,0.6831
2026-09-25T00:19:25,orb,stocks_in_play,"{""long_only"": true, ""or_minutes"": 15, ""per_share"": 0.01}",1.0,4.0,2016-01-25,2025-09-19,2429,-3.1847,-0.200617,-0.34995,-0.98452,17324,0.7093
2026-09-25T00:22:15,orb,stocks_in_play,"{""long_only"": false, ""or_minutes"": 5, ""per_share"": 0.01}",1.0,1.0,2016-01-25,2025-09-19,2429,-5.2604,-0.331376,-0.25284,-0.94102,38048,0.6697
2026-09-25T00:22:15,orb,stocks_in_play,"{""long_only"": true, ""or_minutes"": 5, ""per_share"": 0.01}",1.0,1.0,2016-01-25,2025-09-19,2429,-3.3929,-0.213733,-0.12464,-0.72676,19299,0.6875
2026-09-25T00:22:15,orb,stocks_in_play,"{""long_only"": false, ""or_minutes"": 15, ""per_share"": 0.01}",1.0,1.0,2016-01-25,2025-09-19,2429,-4.8649,-0.306461,-0.21673,-0.90603,34546,0.6871
2026-09-25T00:22:15,orb,stocks_in_play,"{""long_only"": true, ""or_minutes"": 15, ""per_share"": 0.01}",1.0,1.0,2016-01-25,2025-09-19,2429,-3.002,-0.189111,-0.09868,-0.63417,17324,0.7162
2026-09-25T02:07:41,orb,stocks_in_play,"{""fill"": ""ticks"", ""long_only"": false, ""or_minutes"": 5, ""per_share"": 0.01}",1.0,4.0,2016-01-25,2025-09-19,2429,-4.809,-0.302938,0.0,-1.0,38048,0.1166
2026-09-25T02:07:41,orb,stocks_in_play,"{""fill"": ""ticks"", ""long_only"": true, ""or_minutes"": 5, ""per_share"": 0.01}",1.0,4.0,2016-01-25,2025-09-19,2429,-3.7885,-0.238654,-0.91305,-1.0,19299,0.4257
2026-09-25T02:07:41,orb,stocks_in_play,"{""fill"": ""ticks"", ""long_only"": false, ""or_minutes"": 15, ""per_share"": 0.01}",1.0,4.0,2016-01-25,2025-09-19,2429,-4.1173,-0.259364,0.0,-1.00001,34546,0.1246
2026-09-25T02:07:41,orb,stocks_in_play,"{""fill"": ""ticks"", ""long_only"": true, ""or_minutes"": 15, ""per_share"": 0.01}",1.0,4.0,2016-01-25,2025-09-19,2429,-3.3036,-0.208109,-0.82814,-1.0,17324,0.4542
2026-09-25T02:10:34,orb,stocks_in_play,"{""fill"": ""ticks"", ""long_only"": false, ""or_minutes"": 5, ""per_share"": 0.01}",1.0,1.0,2016-01-25,2025-09-19,2429,-4.2895,-0.27021,0.0,-1.0,38048,0.07
2026-09-25T02:10:34,orb,stocks_in_play,"{""fill"": ""ticks"", ""long_only"": true, ""or_minutes"": 5, ""per_share"": 0.01}",1.0,1.0,2016-01-25,2025-09-19,2429,-3.7563,-0.236624,-0.43288,-0.99582,19299,0.4305
2026-09-25T02:10:34,orb,stocks_in_play,"{""fill"": ""ticks"", ""long_only"": false, ""or_minutes"": 15, ""per_share"": 0.01}",1.0,1.0,2016-01-25,2025-09-19,2429,-3.7402,-0.23561,0.0,-1.0,34546,0.07
2026-09-25T02:10:34,orb,stocks_in_play,"{""fill"": ""ticks"", ""long_only"": true, ""or_minutes"": 15, ""per_share"": 0.01}",1.0,1.0,2016-01-25,2025-09-19,2429,-3.2759,-0.206364,-0.33711,-0.98111,17324,0.4579
2026-09-25T02:16:12,orb,stocks_in_play,"{""fill"": ""ticks"", ""long_only"": false, ""or_minutes"": 5, ""per_share"": 0.01}",1.0,4.0,2016-01-25,2025-09-19,2429,-0.07,-0.004408,-0.0572,-0.58138,38048,0.9944
2026-09-25T02:16:12,orb,stocks_in_play,"{""fill"": ""ticks"", ""long_only"": true, ""or_minutes"": 5, ""per_share"": 0.01}",1.0,4.0,2016-01-25,2025-09-19,2429,-0.1015,-0.006394,-0.03897,-0.43418,19299,0.9881
2026-09-25T02:16:12,orb,stocks_in_play,"{""fill"": ""ticks"", ""long_only"": false, ""or_minutes"": 15, ""per_share"": 0.01}",1.0,4.0,2016-01-25,2025-09-19,2429,-1.0735,-0.067622,-0.24802,-0.93868,34546,0.9166
2026-09-25T02:16:12,orb,stocks_in_play,"{""fill"": ""ticks"", ""long_only"": true, ""or_minutes"": 15, ""per_share"": 0.01}",1.0,4.0,2016-01-25,2025-09-19,2429,-0.485,-0.03055,-0.0894,-0.61886,17324,0.9446
2026-09-25T02:19:20,orb,stocks_in_play,"{""fill"": ""ticks"", ""long_only"": false, ""or_minutes"": 5, ""per_share"": 0.01}",1.0,1.0,2016-01-25,2025-09-19,2429,-0.0147,-0.000928,-0.00366,-0.17816,38048,0.9988
2026-09-25T02:19:20,orb,stocks_in_play,"{""fill"": ""ticks"", ""long_only"": true, ""or_minutes"": 5, ""per_share"": 0.01}",1.0,1.0,2016-01-25,2025-09-19,2429,-0.0268,-0.001688,-0.00271,-0.11644,19299,0.9968
2026-09-25T02:19:20,orb,stocks_in_play,"{""fill"": ""ticks"", ""long_only"": false, ""or_minutes"": 15, ""per_share"": 0.01}",1.0,1.0,2016-01-25,2025-09-19,2429,-1.0202,-0.064268,-0.06236,-0.46844,34546,0.9193
2026-09-25T02:19:20,orb,stocks_in_play,"{""fill"": ""ticks"", ""long_only"": true, ""or_minutes"": 15, ""per_share"": 0.01}",1.0,1.0,2016-01-25,2025-09-19,2429,-0.4224,-0.02661,-0.01864,-0.18014,17324,0.9506
2026-09-25T06:46:22,overnight,SPY,"{""trend_filter"": false}",1.0,1.0,2016-10-19,2025-09-19,2242,0.2763,0.017404,0.0262,-0.31198,2242,1.0601
2026-09-25T06:46:22,overnight,SPY,"{""trend_filter"": true}",1.0,1.0,2016-10-19,2025-09-19,2242,0.7672,0.048327,0.0543,-0.14834,1821,1.1675
2026-09-25T06:46:25,overnight,QQQ,"{""trend_filter"": false}",1.0,1.0,2016-10-19,2025-09-19,2240,0.489,0.030807,0.05995,-0.32838,2240,1.1004
2026-09-25T06:46:25,overnight,QQQ,"{""trend_filter"": true}",1.0,1.0,2016-10-19,2025-09-19,2240,0.9774,0.061567,0.09709,-0.19952,1836,1.2202
2026-09-25T06:46:28,overnight,IWM,"{""trend_filter"": false}",1.0,1.0,2016-10-19,2025-09-19,2242,0.6314,0.039776,0.0866,-0.32963,2242,1.1362
2026-09-25T06:46:28,overnight,IWM,"{""trend_filter"": true}",1.0,1.0,2016-10-19,2025-09-19,2242,0.8718,0.054921,0.07597,-0.22792,1472,1.2217
2026-09-25T06:46:30,overnight,DIA,"{""trend_filter"": false}",1.0,1.0,2016-10-19,2025-09-19,2242,0.1668,0.010505,0.01269,-0.30229,2242,1.0366
2026-09-25T06:46:31,overnight,DIA,"{""trend_filter"": true}",1.0,1.0,2016-10-19,2025-09-19,2242,0.3231,0.020354,0.02033,-0.15975,1813,1.0689
2026-09-25T06:46:33,overnight,XLK,"{""trend_filter"": false}",1.0,1.0,2016-10-19,2025-09-19,2242,0.3487,0.021963,0.04308,-0.36716,2242,1.0723
2026-09-25T06:46:34,overnight,XLK,"{""trend_filter"": true}",1.0,1.0,2016-10-19,2025-09-19,2242,0.7927,0.049932,0.08581,-0.22892,1856,1.1758
2026-09-25T06:46:36,overnight,XLF,"{""trend_filter"": false}",1.0,1.0,2016-10-19,2025-09-19,2242,0.2672,0.016835,0.02991,-0.50119,2242,1.059
2026-09-25T06:46:36,overnight,XLF,"{""trend_filter"": true}",1.0,1.0,2016-10-19,2025-09-19,2242,0.5188,0.032679,0.04295,-0.19349,1568,1.1227
2026-09-25T06:46:39,overnight,XLE,"{""trend_filter"": false}",1.0,1.0,2016-10-19,2025-09-19,2242,0.4608,0.02903,0.07328,-0.41019,2242,1.0997
2026-09-25T06:46:39,overnight,XLE,"{""trend_filter"": true}",1.0,1.0,2016-10-19,2025-09-19,2242,0.2037,0.012833,0.01695,-0.22321,1210,1.0509
2026-09-25T06:46:41,overnight,SMH,"{""trend_filter"": false}",1.0,1.0,2016-10-19,2025-09-19,2242,0.9613,0.060555,0.18872,-0.3964,2242,1.1915
2026-09-25T06:46:42,overnight,SMH,"{""trend_filter"": true}",1.0,1.0,2016-10-19,2025-09-19,2242,1.3543,0.085313,0.21917,-0.24927,1823,1.3053
2026-09-25T06:47:00,overnight,SPY,"{""trend_filter"": false}",1.0,1.0,2016-10-19,2025-09-19,2242,0.2763,0.017404,0.0262,-0.31198,2242,1.0601
2026-09-25T06:47:01,overnight,SPY,"{""trend_filter"": true}",1.0,1.0,2016-10-19,2025-09-19,2242,0.7672,0.048327,0.0543,-0.14834,1821,1.1675
2026-09-25T06:47:03,overnight,QQQ,"{""trend_filter"": false}",1.0,1.0,2016-10-19,2025-09-19,2240,0.489,0.030807,0.05995,-0.32838,2240,1.1004
2026-09-25T06:47:04,overnight,QQQ,"{""trend_filter"": true}",1.0,1.0,2016-10-19,2025-09-19,2240,0.9774,0.061567,0.09709,-0.19952,1836,1.2202
2026-09-25T06:47:06,overnight,IWM,"{""trend_filter"": false}",1.0,1.0,2016-10-19,2025-09-19,2242,0.6314,0.039776,0.0866,-0.32963,2242,1.1362
2026-09-25T06:47:07,overnight,IWM,"{""trend_filter"": true}",1.0,1.0,2016-10-19,2025-09-19,2242,0.8718,0.054921,0.07597,-0.22792,1472,1.2217
2026-09-25T06:47:09,overnight,DIA,"{""trend_filter"": false}",1.0,1.0,2016-10-19,2025-09-19,2242,0.1668,0.010505,0.01269,-0.30229,2242,1.0366
2026-09-25T06:47:09,overnight,DIA,"{""trend_filter"": true}",1.0,1.0,2016-10-19,2025-09-19,2242,0.3231,0.020354,0.02033,-0.15975,1813,1.0689
2026-09-25T06:47:12,overnight,XLK,"{""trend_filter"": false}",1.0,1.0,2016-10-19,2025-09-19,2242,0.3487,0.021963,0.04308,-0.36716,2242,1.0723
2026-09-25T06:47:12,overnight,XLK,"{""trend_filter"": true}",1.0,1.0,2016-10-19,2025-09-19,2242,0.7927,0.049932,0.08581,-0.22892,1856,1.1758
2026-09-25T06:47:15,overnight,XLF,"{""trend_filter"": false}",1.0,1.0,2016-10-19,2025-09-19,2242,0.2672,0.016835,0.02991,-0.50119,2242,1.059
2026-09-25T06:47:15,overnight,XLF,"{""trend_filter"": true}",1.0,1.0,2016-10-19,2025-09-19,2242,0.5188,0.032679,0.04295,-0.19349,1568,1.1227
2026-09-25T06:47:17,overnight,XLE,"{""trend_filter"": false}",1.0,1.0,2016-10-19,2025-09-19,2242,0.4608,0.02903,0.07328,-0.41019,2242,1.0997
2026-09-25T06:47:18,overnight,XLE,"{""trend_filter"": true}",1.0,1.0,2016-10-19,2025-09-19,2242,0.2037,0.012833,0.01695,-0.22321,1210,1.0509
2026-09-25T06:47:20,overnight,SMH,"{""trend_filter"": false}",1.0,1.0,2016-10-19,2025-09-19,2242,0.9613,0.060555,0.18872,-0.3964,2242,1.1915
2026-09-25T06:47:21,overnight,SMH,"{""trend_filter"": true}",1.0,1.0,2016-10-19,2025-09-19,2242,1.3543,0.085313,0.21917,-0.24927,1823,1.3053
2026-09-25T06:47:37,rsi2,SPY,"{""entry_below"": 5, ""exit_rule"": ""sma5""}",1.0,1.0,2016-10-18,2025-09-19,2243,0.3288,0.020714,0.01613,-0.09628,39,1.7324
2026-09-25T06:47:37,rsi2,SPY,"{""entry_below"": 5, ""exit_rule"": ""rsi70""}",1.0,1.0,2016-10-18,2025-09-19,2243,0.459,0.028917,0.02513,-0.0938,39,2.2174
2026-09-25T06:47:37,rsi2,SPY,"{""entry_below"": 10, ""exit_rule"": ""sma5""}",1.0,1.0,2016-10-18,2025-09-19,2243,0.4949,0.031178,0.03097,-0.1559,75,1.7827
2026-09-25T06:47:37,rsi2,SPY,"{""entry_below"": 10, ""exit_rule"": ""rsi70""}",1.0,1.0,2016-10-18,2025-09-19,2243,0.6106,0.038464,0.04212,-0.1516,72,2.1215
2026-09-25T06:47:39,rsi2,QQQ,"{""entry_below"": 5, ""exit_rule"": ""sma5""}",1.0,1.0,2016-10-18,2025-09-19,2241,0.4633,0.029187,0.02702,-0.07729,36,2.9066
2026-09-25T06:47:39,rsi2,QQQ,"{""entry_below"": 5, ""exit_rule"": ""rsi70""}",1.0,1.0,2016-10-18,2025-09-19,2241,0.3906,0.024603,0.02552,-0.10969,36,2.1496
2026-09-25T06:47:39,rsi2,QQQ,"{""entry_below"": 10, ""exit_rule"": ""sma5""}",1.0,1.0,2016-10-18,2025-09-19,2241,0.6073,0.038259,0.04632,-0.08474,72,2.2924
2026-09-25T06:47:39,rsi2,QQQ,"{""entry_below"": 10, ""exit_rule"": ""rsi70""}",1.0,1.0,2016-10-18,2025-09-19,2241,0.5585,0.035184,0.04681,-0.10969,68,2.0033
2026-09-25T06:47:41,rsi2,IWM,"{""entry_below"": 5, ""exit_rule"": ""sma5""}",1.0,1.0,2016-10-18,2025-09-19,2243,0.5906,0.037206,0.03194,-0.12357,40,2.4187
2026-09-25T06:47:41,rsi2,IWM,"{""entry_below"": 5, ""exit_rule"": ""rsi70""}",1.0,1.0,2016-10-18,2025-09-19,2243,0.0873,0.005502,0.00336,-0.40119,39,1.2378
2026-09-25T06:47:41,rsi2,IWM,"{""entry_below"": 10, ""exit_rule"": ""sma5""}",1.0,1.0,2016-10-18,2025-09-19,2243,-0.0838,-0.005278,-0.00876,-0.2136,58,0.86
2026-09-25T06:47:41,rsi2,IWM,"{""entry_below"": 10, ""exit_rule"": ""rsi70""}",1.0,1.0,2016-10-18,2025-09-19,2243,-0.1522,-0.009586,-0.02555,-0.44776,57,0.7766
2026-09-25T06:47:43,rsi2,DIA,"{""entry_below"": 5, ""exit_rule"": ""sma5""}",1.0,1.0,2016-10-18,2025-09-19,2243,0.2386,0.015033,0.01123,-0.089,45,1.4657
2026-09-25T06:47:43,rsi2,DIA,"{""entry_below"": 5, ""exit_rule"": ""rsi70""}",1.0,1.0,2016-10-18,2025-09-19,2243,0.3888,0.024491,0.02213,-0.09075,43,2.1503
2026-09-25T06:47:43,rsi2,DIA,"{""entry_below"": 10, ""exit_rule"": ""sma5""}",1.0,1.0,2016-10-18,2025-09-19,2243,0.3134,0.019742,0.01798,-0.12509,77,1.4281
2026-09-25T06:47:43,rsi2,DIA,"{""entry_below"": 10, ""exit_rule"": ""rsi70""}",1.0,1.0,2016-10-18,2025-09-19,2243,0.3178,0.020022,0.02069,-0.16849,69,1.5172
2026-09-25T06:47:45,rsi2,XLK,"{""entry_below"": 5, ""exit_rule"": ""sma5""}",1.0,1.0,2016-10-18,2025-09-19,2243,0.4809,0.030294,0.03196,-0.10184,40,2.6973
2026-09-25T06:47:45,rsi2,XLK,"{""entry_below"": 5, ""exit_rule"": ""rsi70""}",1.0,1.0,2016-10-18,2025-09-19,2243,0.3544,0.022328,0.02594,-0.10245,40,2.0583
2026-09-25T06:47:45,rsi2,XLK,"{""entry_below"": 10, ""exit_rule"": ""sma5""}",1.0,1.0,2016-10-18,2025-09-19,2243,0.5236,0.032981,0.04044,-0.09148,65,2.204
2026-09-25T06:47:45,rsi2,XLK,"{""entry_below"": 10, ""exit_rule"": ""rsi70""}",1.0,1.0,2016-10-18,2025-09-19,2243,0.4856,0.030587,0.04152,-0.11537,64,2.0297
2026-09-25T06:47:47,rsi2,XLF,"{""entry_below"": 5, ""exit_rule"": ""sma5""}",1.0,1.0,2016-10-18,2025-09-19,2243,0.1609,0.010138,0.00779,-0.12802,37,1.3161
2026-09-25T06:47:47,rsi2,XLF,"{""entry_below"": 5, ""exit_rule"": ""rsi70""}",1.0,1.0,2016-10-18,2025-09-19,2243,-0.0509,-0.003209,-0.01443,-0.43593,36,0.8834
2026-09-25T06:47:47,rsi2,XLF,"{""entry_below"": 10, ""exit_rule"": ""sma5""}",1.0,1.0,2016-10-18,2025-09-19,2243,0.186,0.01172,0.01049,-0.13411,65,1.2569
2026-09-25T06:47:47,rsi2,XLF,"{""entry_below"": 10, ""exit_rule"": ""rsi70""}",1.0,1.0,2016-10-18,2025-09-19,2243,-0.008,-0.000507,-0.01013,-0.46251,62,0.9954
2026-09-25T06:47:49,rsi2,XLE,"{""entry_below"": 5, ""exit_rule"": ""sma5""}",1.0,1.0,2016-10-18,2025-09-19,2243,0.0594,0.003742,0.00174,-0.17443,29,1.1041
2026-09-25T06:47:49,rsi2,XLE,"{""entry_below"": 5, ""exit_rule"": ""rsi70""}",1.0,1.0,2016-10-18,2025-09-19,2243,0.3805,0.023969,0.02533,-0.16188,29,1.9693
2026-09-25T06:47:49,rsi2,XLE,"{""entry_below"": 10, ""exit_rule"": ""sma5""}",1.0,1.0,2016-10-18,2025-09-19,2243,0.0652,0.004106,0.00174,-0.18555,53,1.0767
2026-09-25T06:47:49,rsi2,XLE,"{""entry_below"": 10, ""exit_rule"": ""rsi70""}",1.0,1.0,2016-10-18,2025-09-19,2243,0.3574,0.022511,0.03112,-0.16188,52,1.595
2026-09-25T06:47:50,rsi2,SMH,"{""entry_below"": 5, ""exit_rule"": ""sma5""}",1.0,1.0,2016-10-18,2025-09-19,2243,0.692,0.043589,0.05038,-0.13465,35,4.9356
2026-09-25T06:47:50,rsi2,SMH,"{""entry_below"": 5, ""exit_rule"": ""rsi70""}",1.0,1.0,2016-10-18,2025-09-19,2243,0.5273,0.033218,0.047,-0.19081,33,2.7195
2026-09-25T06:47:51,rsi2,SMH,"{""entry_below"": 10, ""exit_rule"": ""sma5""}",1.0,1.0,2016-10-18,2025-09-19,2243,0.7544,0.047523,0.07846,-0.1923,67,3.0486
2026-09-25T06:47:51,rsi2,SMH,"{""entry_below"": 10, ""exit_rule"": ""rsi70""}",1.0,1.0,2016-10-18,2025-09-19,2243,0.6785,0.04274,0.07836,-0.2279,62,2.7403
2026-09-25T06:48:47,reversal,top500,"{""lookback"": 5, ""n_stocks"": 10}",1.0,1.0,2016-02-04,2025-09-19,2421,0.0426,0.002681,-0.09102,-0.72425,4850,0.9854
2026-09-25T06:48:47,reversal,top500,"{""lookback"": 10, ""n_stocks"": 10}",1.0,1.0,2016-02-04,2025-09-19,2421,0.3023,0.019043,0.03004,-0.82979,4850,1.0561
2026-09-25T06:48:48,reversal,top500,"{""lookback"": 5, ""n_stocks"": 25}",1.0,1.0,2016-02-04,2025-09-19,2421,0.2658,0.016746,0.03011,-0.59495,12125,1.048
2026-09-25T06:48:48,reversal,top500,"{""lookback"": 10, ""n_stocks"": 25}",1.0,1.0,2016-02-04,2025-09-19,2421,0.2579,0.016248,0.02656,-0.68098,12125,1.0444
2026-09-25T06:50:07,overnight_portfolio,SPY+QQQ+IWM+DIA+XLK+XLF+XLE+SMH,"{""trend_filter"": true}",1.0,1.0,2016-10-19,2025-09-19,2242,1.0017,0.063103,0.07749,-0.13602,0,0.0
2026-09-25T14:53:20,crypto_trend,binance,"{""asset"": ""BTCUSDT"", ""cost_per_side"": 0.0025, ""lookback"": 20}",12.5,1.0,2017-09-06,2025-09-21,2938,0.9117,0.04772,0.37263,-0.70513,1579,1.2371
2026-09-25T14:53:20,crypto_trend,binance,"{""asset"": ""ETHUSDT"", ""cost_per_side"": 0.0025, ""lookback"": 20}",12.5,1.0,2017-09-07,2025-09-21,2937,0.9532,0.049892,0.49088,-0.63058,1477,1.2445
2026-09-25T14:53:20,crypto_trend,binance,"{""asset"": ""BTCUSDT"", ""cost_per_side"": 0.0025, ""lookback"": 50}",12.5,1.0,2017-10-06,2025-09-21,2908,1.302,0.068149,0.66876,-0.65386,1577,1.3302
2026-09-25T14:53:20,crypto_trend,binance,"{""asset"": ""ETHUSDT"", ""cost_per_side"": 0.0025, ""lookback"": 50}",12.5,1.0,2017-10-07,2025-09-21,2907,1.0648,0.055736,0.59717,-0.65281,1529,1.259
2026-09-25T14:53:20,crypto_trend,binance,"{""asset"": ""BTCUSDT"", ""cost_per_side"": 0.0025, ""lookback"": 100}",12.5,1.0,2017-11-25,2025-09-21,2858,1.0581,0.055386,0.48773,-0.65129,1610,1.2561
2026-09-25T14:53:20,crypto_trend,binance,"{""asset"": ""ETHUSDT"", ""cost_per_side"": 0.0025, ""lookback"": 100}",12.5,1.0,2017-11-25,2025-09-21,2858,0.8926,0.046719,0.43826,-0.75829,1613,1.2051
2026-09-25T14:53:32,crypto_xsmom,binance,"{""btc_filter"": false, ""cost_per_side"": 0.0025, ""k"": 3, ""lookback"": 7}",12.5,1.0,2018-01-05,2025-09-21,2817,0.1963,0.010277,-0.32917,-0.98979,2817,1.0299
2026-09-25T14:53:33,crypto_xsmom,binance,"{""btc_filter"": true, ""cost_per_side"": 0.0025, ""k"": 3, ""lookback"": 7}",12.5,1.0,2018-01-05,2025-09-21,2817,0.6368,0.033333,0.21308,-0.88449,1487,1.1418
2026-09-25T14:53:34,crypto_xsmom,binance,"{""btc_filter"": false, ""cost_per_side"": 0.0025, ""k"": 5, ""lookback"": 7}",12.5,1.0,2018-01-19,2025-09-21,2803,0.1713,0.008966,-0.27283,-0.96845,2803,1.0256
2026-09-25T14:53:34,crypto_xsmom,binance,"{""btc_filter"": true, ""cost_per_side"": 0.0025, ""k"": 5, ""lookback"": 7}",12.5,1.0,2018-03-02,2025-09-21,2761,0.6142,0.032148,0.20562,-0.73586,1480,1.1322
2026-09-25T14:53:35,crypto_xsmom,binance,"{""btc_filter"": false, ""cost_per_side"": 0.0025, ""k"": 3, ""lookback"": 28}",12.5,1.0,2018-01-05,2025-09-21,2817,0.3155,0.016511,-0.26064,-0.98338,2817,1.0481
2026-09-25T14:53:36,crypto_xsmom,binance,"{""btc_filter"": true, ""cost_per_side"": 0.0025, ""k"": 3, ""lookback"": 28}",12.5,1.0,2018-01-05,2025-09-21,2817,0.468,0.024495,0.04697,-0.89287,1487,1.1005
2026-09-25T14:53:36,crypto_xsmom,binance,"{""btc_filter"": false, ""cost_per_side"": 0.0025, ""k"": 5, ""lookback"": 28}",12.5,1.0,2018-01-19,2025-09-21,2803,0.3362,0.017599,-0.1645,-0.95857,2803,1.051
2026-09-25T14:53:37,crypto_xsmom,binance,"{""btc_filter"": true, ""cost_per_side"": 0.0025, ""k"": 5, ""lookback"": 28}",12.5,1.0,2018-03-02,2025-09-21,2761,0.5991,0.031359,0.18732,-0.74868,1480,1.1284
2026-09-25T15:06:26,metals_overnight,GLD,"{""trend_filter"": false}",1.0,1.0,2016-10-19,2025-09-19,2242,0.5801,0.036544,0.05751,-0.22434,2242,1.1068
2026-09-25T15:06:27,metals_overnight,GLD,"{""trend_filter"": true}",1.0,1.0,2016-10-19,2025-09-19,2242,0.4021,0.025328,0.03319,-0.25615,1579,1.0881
2026-09-25T15:06:27,metals_overnight,SLV,"{""trend_filter"": false}",1.0,1.0,2016-10-19,2025-09-19,2242,0.5312,0.033465,0.09221,-0.35744,2242,1.1016
2026-09-25T15:06:28,metals_overnight,SLV,"{""trend_filter"": true}",1.0,1.0,2016-10-19,2025-09-19,2242,0.5624,0.03543,0.08065,-0.23813,1243,1.1442
2026-09-25T15:06:32,metals_trend,GLD,"{""lookback"": 50}",1.0,1.0,2016-03-17,2025-09-19,2392,0.572,0.036031,0.06189,-0.21504,1396,1.1371
2026-09-25T15:06:32,metals_trend,GLD,"{""lookback"": 100}",1.0,1.0,2016-05-27,2025-09-19,2342,0.7474,0.047082,0.08835,-0.24146,1582,1.1692
2026-09-25T15:06:32,metals_trend,GLD,"{""lookback"": 200}",1.0,1.0,2016-10-19,2025-09-19,2242,0.7106,0.044765,0.08341,-0.30251,1579,1.1559
2026-09-25T15:06:32,metals_trend,SLV,"{""lookback"": 50}",1.0,1.0,2016-03-17,2025-09-19,2392,0.3605,0.022707,0.0542,-0.34434,1216,1.0962
2026-09-25T15:06:33,metals_trend,SLV,"{""lookback"": 100}",1.0,1.0,2016-05-27,2025-09-19,2342,0.1632,0.010278,0.01201,-0.43911,1279,1.0414
2026-09-25T15:06:33,metals_trend,SLV,"{""lookback"": 200}",1.0,1.0,2016-10-19,2025-09-19,2242,0.2848,0.017942,0.03907,-0.37327,1243,1.072
2026-09-25T15:14:05,multi_asset_trend,SPY+IWM+EFA+EEM+TLT+IEF+GLD+DBC+VNQ,"{""mode"": ""absolute"", ""signal"": ""sma200""}",1.0,1.0,2017-02-01,2025-09-19,2169,0.6444,0.040594,0.03902,-0.10787,2106,1.121
2026-09-25T15:14:05,multi_asset_trend,SPY+IWM+EFA+EEM+TLT+IEF+GLD+DBC+VNQ,"{""mode"": ""dual"", ""signal"": ""sma200""}",1.0,1.0,2017-02-01,2025-09-19,2169,0.7285,0.045888,0.08012,-0.14468,2106,1.1367
2026-09-25T15:14:05,multi_asset_trend,SPY+IWM+EFA+EEM+TLT+IEF+GLD+DBC+VNQ,"{""mode"": ""absolute"", ""signal"": ""m12""}",1.0,1.0,2017-02-01,2025-09-19,2169,0.5452,0.034345,0.03477,-0.1175,2148,1.1047
2026-09-25T15:14:05,multi_asset_trend,SPY+IWM+EFA+EEM+TLT+IEF+GLD+DBC+VNQ,"{""mode"": ""dual"", ""signal"": ""m12""}",1.0,1.0,2017-02-01,2025-09-19,2169,0.6958,0.043831,0.08058,-0.17536,2148,1.1305
2026-09-25T15:14:05,multi_asset_trend,SPY+IWM+EFA+EEM+TLT+IEF+GLD+DBC+VNQ,"{""mode"": ""absolute"", ""signal"": ""m6""}",1.0,1.0,2017-02-01,2025-09-19,2169,0.6326,0.039852,0.03927,-0.11333,2127,1.1211
2026-09-25T15:14:05,multi_asset_trend,SPY+IWM+EFA+EEM+TLT+IEF+GLD+DBC+VNQ,"{""mode"": ""dual"", ""signal"": ""m6""}",1.0,1.0,2017-02-01,2025-09-19,2169,0.7365,0.046393,0.08281,-0.17476,2127,1.1351
2026-09-25T15:17:05,turn_of_month,SPY,"{""last_days"": 1}",1.0,1.0,2016-01-05,2025-09-19,2442,0.3053,0.019233,0.02032,-0.09933,460,1.1318
2026-09-25T15:17:05,turn_of_month,SPY,"{""last_days"": 2}",1.0,1.0,2016-01-05,2025-09-19,2442,0.5508,0.034695,0.0435,-0.14165,575,1.2242
2026-09-25T15:17:08,turn_of_month,QQQ,"{""last_days"": 1}",1.0,1.0,2016-01-05,2025-09-19,2440,0.4067,0.025618,0.03524,-0.1475,460,1.175
2026-09-25T15:17:08,turn_of_month,QQQ,"{""last_days"": 2}",1.0,1.0,2016-01-05,2025-09-19,2440,0.5501,0.034654,0.05495,-0.16634,575,1.2177
2026-09-25T15:17:10,turn_of_month,IWM,"{""last_days"": 1}",1.0,1.0,2016-01-05,2025-09-19,2442,-0.0944,-0.005947,-0.01373,-0.25181,460,0.9641
2026-09-25T15:17:10,turn_of_month,IWM,"{""last_days"": 2}",1.0,1.0,2016-01-05,2025-09-19,2442,0.2106,0.013263,0.01688,-0.238,575,1.0758
2026-09-25T15:17:18,funding_carry,BTCUSDT,"{""filtered"": false}",7.5,1.0,2019-09-09,2025-09-21,2205,7.4341,0.38912,0.06582,-0.01159,2205,6.2644
2026-09-25T15:17:18,funding_carry,BTCUSDT,"{""filtered"": true}",7.5,1.0,2019-09-09,2025-09-21,2205,6.5327,0.341938,0.05949,-0.01037,2019,6.1294
2026-09-25T15:17:24,funding_carry,ETHUSDT,"{""filtered"": false}",7.5,1.0,2019-11-28,2025-09-21,2125,8.1134,0.424675,0.07999,-0.00898,2125,7.0877
2026-09-25T15:17:24,funding_carry,ETHUSDT,"{""filtered"": true}",7.5,1.0,2019-11-28,2025-09-21,2125,7.6743,0.401692,0.07612,-0.00921,1967,7.5185
2026-09-25T23:59:12,vol_managed,SPY,"{""variant"": ""P cap 1.0""}",1.0,1.0,2016-01-04,2025-09-19,2443,1.0026,0.06316,0.12829,-0.18711,0,0.0
2026-09-25T23:59:12,vol_managed,SPY,"{""variant"": ""P cap 1.5""}",1.0,1.0,2016-01-04,2025-09-19,2443,0.959,0.060414,0.14349,-0.18668,0,0.0
2026-09-25T23:59:12,halloween,SPY,"{""variant"": ""Q Halloween""}",1.0,1.0,2016-01-04,2025-09-19,2443,0.521,0.032821,0.06834,-0.33717,0,0.0
2026-09-25T23:59:12,sector_momentum,SPDR-Sektoren,"{""variant"": ""R Sektoren m6""}",1.0,1.0,2016-01-04,2025-09-19,2443,0.6532,0.04115,0.10316,-0.31379,0,0.0
2026-09-25T23:59:12,sector_momentum,SPDR-Sektoren,"{""variant"": ""R Sektoren m12""}",1.0,1.0,2016-01-04,2025-09-19,2443,0.7726,0.04867,0.12808,-0.30199,0,0.0
2026-09-25T23:59:52,stock_momentum,top500,"{""n"": 50}",3.0,1.0,2017-02-01,2025-09-19,2171,0.8545,0.05383,0.25551,-0.46339,2171,1.1649
2026-09-25T23:59:52,stock_momentum,top500,"{""n"": 100}",3.0,1.0,2017-02-01,2025-09-19,2171,0.782,0.049259,0.19065,-0.38216,2171,1.1512
2026-09-25T23:59:52,low_volatility,top500,"{""n"": 50}",3.0,1.0,2016-04-01,2025-09-19,2382,0.6158,0.038792,0.07889,-0.31705,2382,1.1307
2026-09-25T23:59:52,low_volatility,top500,"{""n"": 100}",3.0,1.0,2016-04-01,2025-09-19,2382,0.6395,0.040288,0.08466,-0.33122,2382,1.1371
2026-09-26T00:04:03,pre_fomc,SPY,"{""variant"": ""V Pre-FOMC""}",1.0,1.0,2016-01-04,2025-09-19,2443,0.1575,0.00992,0.00444,-0.0704,0,0.0
2026-09-26T00:04:03,short_vol,SVXY,"{""variant"": ""W Contango""}",1.0,1.0,2016-01-04,2025-09-19,2443,0.8452,0.05324,0.28047,-0.40469,0,0.0
2026-09-26T00:04:03,short_vol,SVXY,"{""variant"": ""W Contango+VIX<20""}",1.0,1.0,2016-01-04,2025-09-19,2443,0.3895,0.024539,0.07414,-0.56444,0,0.0
2026-09-26T00:04:38,pairs_trading,top500,"{""k"": 2.0, ""n_pairs"": 20}",3.0,1.0,2017-01-04,2025-09-19,2190,0.2207,0.0139,0.00849,-0.0835,2122,1.0446
2026-09-26T01:04:44,reddit,SPY,"{""variant"": ""Z1 IBS-Band SPY""}",1.0,1.0,2016-01-04,2025-09-19,2443,0.4915,0.030962,0.04903,-0.19266,0,0.0
2026-09-26T01:04:44,reddit,SPY,"{""variant"": ""Z2 Double 7 SPY""}",1.0,1.0,2016-01-04,2025-09-19,2443,0.584,0.036788,0.05185,-0.12767,0,0.0
2026-09-26T01:04:44,reddit,QQQ,"{""variant"": ""Z1 IBS-Band QQQ""}",1.0,1.0,2016-01-04,2025-09-19,2443,0.7155,0.04507,0.09113,-0.16293,0,0.0
2026-09-26T01:04:44,reddit,QQQ,"{""variant"": ""Z2 Double 7 QQQ""}",1.0,1.0,2016-01-04,2025-09-19,2443,0.6982,0.04398,0.07981,-0.13986,0,0.0
2026-09-26T01:04:44,reddit,SPY->EFA,"{""variant"": ""Z3 SPY->EFA""}",1.0,1.0,2016-01-04,2025-09-19,2443,-0.0517,-0.003258,-0.01286,-0.26044,0,0.0
2026-09-26T01:04:44,reddit,SPY->EEM,"{""variant"": ""Z3 SPY->EEM""}",1.0,1.0,2016-01-04,2025-09-19,2443,-0.2515,-0.015842,-0.04587,-0.52144,0,0.0
2026-09-26T01:04:44,reddit,SPY->EWJ,"{""variant"": ""Z3 SPY->EWJ""}",1.0,1.0,2016-01-04,2025-09-19,2443,-0.191,-0.01203,-0.02904,-0.30677,0,0.0
2026-09-26T01:04:44,reddit,SPY->EWG,"{""variant"": ""Z3 SPY->EWG""}",1.0,1.0,2016-01-04,2025-09-19,2443,0.058,0.003651,-0.00217,-0.28217,0,0.0
2026-09-26T01:04:44,reddit,SPY->EWU,"{""variant"": ""Z3 SPY->EWU""}",1.0,1.0,2016-01-04,2025-09-19,2443,-0.0665,-0.004186,-0.01759,-0.32277,0,0.0
2026-09-26T01:04:44,reddit,SPY->FXI,"{""variant"": ""Z3 SPY->FXI""}",1.0,1.0,2016-01-04,2025-09-19,2443,-0.4951,-0.03119,-0.11684,-0.77635,0,0.0
2026-09-26T01:04:44,reddit,SPY->EWZ,"{""variant"": ""Z3 SPY->EWZ""}",1.0,1.0,2016-01-04,2025-09-19,2443,-0.1134,-0.007146,-0.05765,-0.70281,0,0.0
2026-09-26T01:14:54,insider,top1000,"{""variant"": ""X jeder Kauf 21T""}",10.0,1.0,2016-02-03,2020-12-31,1238,0.4245,0.026741,0.07922,-0.51264,0,0.0
2026-09-26T01:14:55,insider,top1000,"{""variant"": ""X jeder Kauf 63T""}",10.0,1.0,2016-02-03,2020-12-31,1238,0.6693,0.042162,0.1467,-0.49529,0,0.0
2026-09-26T01:14:56,insider,top1000,"{""variant"": ""X Cluster 21T""}",10.0,1.0,2016-02-03,2020-12-31,1238,0.344,0.021672,0.05964,-0.57676,0,0.0
2026-09-26T01:14:57,insider,top1000,"{""variant"": ""X Cluster 63T""}",10.0,1.0,2016-02-03,2020-12-31,1238,0.5495,0.034617,0.12207,-0.55503,0,0.0
2026-09-26T01:14:58,earnings_drift,top1000,"{""variant"": ""Y AR>5% 20T""}",10.0,1.0,2016-02-03,2020-12-31,1238,0.6386,0.040227,0.12633,-0.46033,0,0.0
2026-09-26T01:14:59,earnings_drift,top1000,"{""variant"": ""Y AR>5% 60T""}",10.0,1.0,2016-02-03,2020-12-31,1238,0.9803,0.061753,0.21787,-0.42846,0,0.0
2026-09-26T01:15:00,earnings_drift,top1000,"{""variant"": ""Y AR>10% 20T""}",10.0,1.0,2016-02-04,2020-12-31,1237,0.7429,0.046797,0.17276,-0.46151,0,0.0
2026-09-26T01:15:01,earnings_drift,top1000,"{""variant"": ""Y AR>10% 60T""}",10.0,1.0,2016-02-04,2020-12-31,1237,1.188,0.07484,0.29729,-0.42829,0,0.0
2026-09-26T14:45:52,swing_stocks,top1000,"{""variant"": ""AA 52W-Hoch +SMA200""}",10.0,1.0,2016-11-01,2020-12-31,1049,0.6134,0.038639,0.10274,-0.32321,0,0.0
2026-09-26T14:45:53,swing_stocks,top1000,"{""variant"": ""AA 52W-Hoch ohne Filter""}",10.0,1.0,2016-11-01,2020-12-31,1049,0.4378,0.027579,0.06734,-0.42059,0,0.0
2026-09-26T14:45:54,swing_stocks,top1000,"{""variant"": ""AB Minervini Ausstieg<SMA50""}",10.0,1.0,2016-11-16,2020-12-31,1038,0.8814,0.055522,0.16706,-0.22801,0,0.0
2026-09-26T14:45:55,swing_stocks,top1000,"{""variant"": ""AB Minervini Ausstieg<SMA20""}",10.0,1.0,2016-11-16,2020-12-31,1038,0.5145,0.032411,0.07972,-0.2618,0,0.0
2026-09-26T14:45:55,swing_stocks,top1000,"{""variant"": ""AC R\u00fccksetzer max 20T""}",10.0,1.0,2016-10-18,2020-12-31,1059,0.7559,0.047618,0.17271,-0.46137,0,0.0
2026-09-26T14:45:56,swing_stocks,top1000,"{""variant"": ""AC R\u00fccksetzer max 60T""}",10.0,1.0,2016-10-18,2020-12-31,1059,1.0084,0.063522,0.2503,-0.41666,0,0.0
2026-09-26T15:08:41,structural,AD,"{""variant"": ""AD Carry long/short""}",2.0,1.0,2016-01-03,2025-09-18,2529,-0.136,-0.008567,-0.01038,-0.17247,0,0.0
2026-09-26T15:08:41,structural,AD,"{""variant"": ""AD Carry long gg\u00fc. USD""}",2.0,1.0,2016-01-03,2025-09-18,2529,-0.2009,-0.012658,-0.01384,-0.20146,0,0.0
2026-09-26T15:08:41,structural,AE,"{""variant"": ""AE Momentum 1M""}",2.0,1.0,2016-01-03,2025-09-18,2529,-0.6678,-0.042068,-0.04097,-0.37522,0,0.0
2026-09-26T15:08:41,structural,AE,"{""variant"": ""AE Momentum 3M""}",2.0,1.0,2016-01-03,2025-09-18,2529,-0.8707,-0.054849,-0.05259,-0.44856,0,0.0
2026-09-26T15:08:41,structural,AF,"{""variant"": ""AF IEF 3T nach Auktion""}",2.0,1.0,2016-01-04,2025-09-19,2443,0.6804,0.042862,0.02707,-0.08492,0,0.0
2026-09-26T15:08:41,structural,AF,"{""variant"": ""AF IEF 5T nach Auktion""}",2.0,1.0,2016-01-04,2025-09-19,2443,0.5111,0.032195,0.02516,-0.14204,0,0.0
2026-09-26T15:08:41,structural,AF,"{""variant"": ""AF TLT 3T nach Auktion""}",2.0,1.0,2016-01-04,2025-09-19,2443,0.514,0.032376,0.0419,-0.16328,0,0.0
2026-09-26T15:08:41,structural,AF,"{""variant"": ""AF TLT 5T nach Auktion""}",2.0,1.0,2016-01-04,2025-09-19,2443,0.3553,0.022381,0.03406,-0.30837,0,0.0
2026-09-26T15:16:55,mad,top1000,"{""n"": 100}",10.0,1.0,2016-11-01,2020-12-31,1049,0.9706,0.061139,0.2413,-0.38255,0,0.0
2026-09-26T15:16:56,mad,top1000,"{""n"": 20}",10.0,1.0,2016-11-01,2020-12-31,1049,0.9243,0.058222,0.30346,-0.45205,0,0.0
2026-09-26T15:43:47,eu_country_rotation,-,"{""variant"": ""AH L\u00e4nder Top3 6M""}",10.0,1.0,2016-01-04,2025-09-19,2443,0.443,0.027908,0.06037,-0.43635,0,0.0
2026-09-26T15:43:47,eu_country_rotation,-,"{""variant"": ""AH L\u00e4nder Top3 12M""}",10.0,1.0,2016-01-04,2025-09-19,2443,0.4727,0.029777,0.06691,-0.42042,0,0.0
2026-09-26T15:44:10,airline_holiday,DAL+LUV+ALK+UAL,"{""window"": 5}",10.0,1.0,2016-01-04,2025-09-19,2443,0.6258,0.039423,0.06168,-0.12922,0,0.0
2026-09-26T15:48:11,fundamental,AJ GP/A,"{""n"": 20}",10.0,1.0,2016-03-01,2020-12-31,1220,0.9193,0.057911,0.21168,-0.39339,0,0.0
2026-09-26T15:48:11,fundamental,AJ GP/A,"{""n"": 100}",10.0,1.0,2016-03-01,2020-12-31,1220,0.9043,0.056969,0.19275,-0.36848,0,0.0
2026-09-26T15:48:12,fundamental,AK Vermoegenswachstum,"{""n"": 20}",10.0,1.0,2016-03-01,2020-12-31,1220,0.7492,0.047195,0.18528,-0.45176,0,0.0
2026-09-26T15:48:12,fundamental,AK Vermoegenswachstum,"{""n"": 100}",10.0,1.0,2016-03-01,2020-12-31,1220,0.6314,0.039776,0.12955,-0.4031,0,0.0
2026-09-26T22:11:08,value,AL E/P,"{""n"": 20}",10.0,1.0,2016-03-01,2020-12-31,1220,0.2528,0.015927,0.0257,-0.71897,0,0.0
2026-09-26T22:11:09,value,AL E/P,"{""n"": 100}",10.0,1.0,2016-03-01,2020-12-31,1220,0.4346,0.027379,0.08716,-0.55253,0,0.0
2026-09-26T22:11:09,value,AM B/M,"{""n"": 20}",10.0,1.0,2016-03-01,2020-12-31,1220,0.2931,0.018466,0.03771,-0.77603,0,0.0
2026-09-26T22:11:10,value,AM B/M,"{""n"": 100}",10.0,1.0,2016-03-01,2020-12-31,1220,0.3906,0.024605,0.07582,-0.60966,0,0.0
2026-09-26T22:13:01,value_momentum,top1000,"{""split"": ""50/50""}",10.0,1.0,2016-03-01,2020-12-31,1220,0.6566,0.041365,0.1403,-0.48534,0,0.0
